<org.diylc.core.Theme>
	<name>Light</name>
	<bgColor>
		<red>255</red>
		<green>255</green>
		<blue>255</blue>
		<alpha>255</alpha>
	</bgColor>
	<gridColor>
		<red>240</red>
		<green>240</green>
		<blue>240</blue>
		<alpha>240</alpha>
	</gridColor>
	<dotColor>
		<red>200</red>
		<green>200</green>
		<blue>200</blue>
		<alpha>240</alpha>
	</dotColor>
	<outlineColor>
		<red>0</red>
		<green>0</green>
		<blue>0</blue>
		<alpha>255</alpha>
	</outlineColor>
</org.diylc.core.Theme>