<org.diylc.core.Theme>
  <name>Blueprint</name>
  <bgColor>
    <red>3</red>
    <green>122</green>
    <blue>198</blue>
    <alpha>255</alpha>
  </bgColor>
  <gridColor>
    <red>29</red>
    <green>140</green>
    <blue>193</blue>
    <alpha>255</alpha>
  </gridColor>
  <dotColor>
    <red>142</red>
    <green>219</green>
    <blue>255</blue>
    <alpha>255</alpha>
  </dotColor>
  <outlineColor>
    <red>255</red>
    <green>255</green>
    <blue>255</blue>
    <alpha>255</alpha>
  </outlineColor>
</org.diylc.core.Theme>