<org.diylc.core.Theme>
  <name>Dark</name>
  <bgColor>
    <red>26</red>
    <green>29</green>
    <blue>33</blue>
    <alpha>255</alpha>
  </bgColor>
  <gridColor>
    <red>53</red>
    <green>53</green>
    <blue>59</blue>
    <alpha>255</alpha>
  </gridColor>
  <dotColor>
    <red>60</red>
    <green>60</green>
    <blue>60</blue>
    <alpha>255</alpha>
  </dotColor>
  <outlineColor>
    <red>255</red>
    <green>255</green>
    <blue>255</blue>
    <alpha>255</alpha>
  </outlineColor>
</org.diylc.core.Theme>